盲评编号,样本编号,eventId,事故类型,场景,摘要,根因,证据点,评委_Re,评委_责任一致,评委_N_wrong,评委_可读性,评委备注
BR001,S16,EXP-20260518-016,DRIVER_SLOW_REACTION,分心使用手机,事故DRIVER_SLOW_REACTION发生于苏州·工业园区，严重程度LOW。,主要责任驾驶员68%，系统22%，环境10%。,,,,,,
BR002,S23,EXP-20260518-023,AEB_DELAY_OR_MISS,低速行人场景漏检,事故AEB_DELAY_OR_MISS发生于西安·高新区，严重程度HIGH。,主要责任驾驶员36%，系统54%，环境10%。,,,,,,
BR003,S04,EXP-20260518-004,COLLISION,倒车碰撞非机动车,事故COLLISION发生于成都·高新区，严重程度LOW。,主要责任驾驶员58%，系统30%，环境12%。,,,,,,
BR004,S40,EXP-20260518-040,ENVIRONMENT_DISTURB,强光逆光相机失效,事故ENVIRONMENT_DISTURB发生于成都·高新区，严重程度HIGH。,主要责任驾驶员47%，系统24%，环境29%。,,,,,,
BR005,S41,EXP-20260518-041,ENVIRONMENT_DISTURB,横风高架桥面偏移,事故ENVIRONMENT_DISTURB发生于上海·浦东新区，严重程度MEDIUM。,主要责任驾驶员40%，系统28%，环境32%。,,,,,,
BR006,S42,EXP-20260518-042,ENVIRONMENT_DISTURB,积水水滑,本次事故为城市主干道积水水滑引发的环境扰动事故。前车急刹制动灯亮起，自车在自动驾驶状态下，驾驶员反应时间500ms尚可，但制动上升时间589ms偏慢，峰值减速度仅-1.8 m/s²，导致碰撞风险。系统AEB提前781ms介入但制动效能不足，环境因素（积水、施工标线）与人因、系统策略共同导致事故。,主因：路面积水导致附着系数骤降，驾驶员制动上升时间过长（589ms）且峰值减速度不足（-1.8 m/s²），未能有效减速。次因：系统AEB虽提前介入（-781ms），但制动减速度峰值仍低，且无主动转向避让，综合因素导致碰撞。,驾驶员反应时间500ms（正常范围） | 制动上升时间589ms（偏慢） | 峰值减速度-1.8 m/s²（不足） | AEB提前781ms介入 | 环境报告含积水、施工标线、前车急刹 | 事故前3s均速17.1 km/h（已显著减速但碰撞仍发生）,,,,,
BR007,S36,EXP-20260518-036,DRIVER_TAKEOVER_FAIL,拥堵跟车系统退出未制动,在上海浦东高架匝道多雾天气下，L2级辅助驾驶系统因施工锥桶偏移请求人工接管，驾驶员反应时间920ms（偏长），系统提前251ms触发AEB，但最终因接管延迟且制动不足导致碰撞风险。主责为系统请求后驾驶员未及时响应，次因为环境障碍物干扰。,主因：驾驶员接管反应时间过长（920ms），超过建议阈值（800ms），未能及时弥补系统退出；次因：施工锥桶偏移导致感知复杂，系统提前减速但仍需人工介入。,驾驶员反应时间920ms，超过800ms建议阈值。 | AEB在驾驶员制动前251ms已介入。 | 制动时TTC为1.85秒，时距尚可但碰撞仍发生。 | 事故前3秒均速43km/h，系统持续减速。 | 方向盘最大转角5.7度，无剧烈避让。,,,,,
BR008,S13,EXP-20260518-013,AUTOPILOT_FAULT,接管请求延迟,事故AUTOPILOT_FAULT发生于深圳·南山区，严重程度HIGH。,主要责任驾驶员29%，系统62%，环境9%。,EDR记录刹车前车速72km/h | 驾驶员手机使用记录显示碰撞前2.3秒有触控操作 | 系统日志显示感知模块未输出锥桶边界框 | 环境照度传感器显示平均照度0.3 lux | 施工区域无标准警示闪光灯,,,,,
BR009,S03,EXP-20260518-003,COLLISION,静止障碍碰撞,2026年5月18日，西安高新区城市主干道晴天发生一起低速碰撞事故。本车（手动驾驶）以约74km/h均速行驶，遇慢车占道，驾驶员反应时间783ms，制动上升时间545ms，AEB延迟为负（提前介入），但碰撞前TTC2.41s。事故等级LOW，责任中驾驶员69%最高，次因系统17%与环境14%（车道模糊）。本质为纵向安全距离不足及制动响应偏慢。,主因为驾驶员制动上升过慢（545ms，踏板20%→80%），导致制动生效延迟；次因为车道标线模糊，可能影响驾驶员对慢车占道的早期识别，叠加环境因素（慢车占道）增加碰撞风险。,碰撞前783ms驾驶员开始反应，制动上升545ms踏板才达80%。 | AEB在驾驶员制动前293ms已介入，但未能避免碰撞。 | 碰撞前3s均速74km/h，制动平均减速度约-2.5m/s²。 | 车道标线模糊可能影响驾驶员对慢车占道的预判。 | 驾驶员未执行换道操作，最大转向角3.9°。 | 端侧风险模型提示碰撞置信偏高，建议验证证据链一致性。,,,,,
BR010,S17,EXP-20260518-017,DRIVER_SLOW_REACTION,跟车距离过近,事故DRIVER_SLOW_REACTION发生于杭州·滨江区，严重程度MEDIUM。,主要责任驾驶员58%，系统30%，环境12%。,,,,,,
BR011,S49,EXP-20260518-049,MULTI_FACTOR,系统提示弱+环境复杂+接管犹豫,系统提示弱+环境复杂+接管犹豫,系统提示弱、环境复杂以及驾驶员接管犹豫共同导致事故,,,,,,
BR012,S31,EXP-20260518-031,TTC_LOW_RISK,大车遮挡后突然出现的慢车,广州黄埔区高架匝道小雨天气下，因大车遮挡导致前车急刹突然出现，触发TTC_LOW_RISK高风险事件。驾驶员反应时间688ms可接受，但制动上升时间过长（471ms），峰值减速度达-11.39m/s²，AEB介入较晚（-469ms），制动时TTC仅0.75s。责任倾向驾驶员与系统共同责任（驾驶员63%，系统26%）。,主因：驾驶员制动上升时间过长（471ms）导致制动介入迟缓，未能及时消化相对速度。次因：系统AEB介入延迟（-469ms）且制动请求爬升受舒适性仲裁影响，目标时距振荡（1.32s），未能提供足够减速度补偿。,驾驶员反应时间688ms（可接受区间），但制动上升时间471ms（过长） | AEB介入时点为-469ms（较早但制动生效迟缓） | 制动时刻TTC仅0.75s（远低于安全阈值） | 峰值减速度-11.39m/s²（碰撞级制动） | 事故前3s均速29.9km/h，初始车速67.7km/h | 前车急刹制动灯亮起，但大车遮挡导致突然出现,,,,,
BR013,S06,EXP-20260518-006,COLLISION,匝道末端减速不及,事故COLLISION发生于上海·浦东新区，严重程度MEDIUM。,主要责任驾驶员64%，系统25%，环境11%。,,,,,,
BR014,S31,EXP-20260518-031,TTC_LOW_RISK,大车遮挡后突然出现的慢车,大车遮挡后突然出现慢车，前车急刹制动灯亮起，自动驾驶状态手动，发生地点高架匝道小雨，严重程度高。,大车遮挡视线导致突然出现慢车，前车急刹,,,,,,
BR015,S19,EXP-20260518-019,DRIVER_SLOW_REACTION,匝道汇流未预留时距,2026年5月18日西安高新区城市主干道晴天发生追尾事故。驾驶员在L2辅助驾驶下对静止排队车龙反应迟缓（894ms），制动上升缓慢（628ms），峰值减速度仅-1.8m/s²，导致碰撞。系统AEB介入延迟-493ms，责任分配驾驶员64%、系统26%、环境10%。,主因：驾驶员注意力分散或跟车过近，制动反应时间偏长且制动效能不足。次因：系统AEB介入时机晚，舒适性与安全仲裁导致制动请求爬升慢，未能及时补足驾驶员反应缺陷。,驾驶员反应时间894ms，超过800ms阈值。 | 制动上升时间628ms，表示制动执行迟缓。 | 峰值减速度仅-1.8m/s²，但事件后段减速度达-9.97m/s²，表明未全力持续制动。 | AEB介入时刻-493ms，时距TTC=1.92s。 | 事故前3s平均车速41.8km/h，初始车速81.3km/h，制动距离足够但效果不佳。 | 环境条件：晴天、路面反光，可能影响驾驶员对前方静止车流的识别。,,,,,
BR016,S13,EXP-20260518-013,AUTOPILOT_FAULT,接管请求延迟,【接管请求延迟】自动驾驶状态AUTONOMOUS，快速路小雨天气，前车急刹制动灯亮起，系统未及时发出接管请求或响应延迟，导致碰撞风险升高,自动驾驶系统在雨天环境下对前车急刹事件的感知与决策延迟，未能及时触发接管请求或自动制动,,,,,,
BR017,S07,EXP-20260518-007,COLLISION,隧道内低速追尾,冰雪快速路低速追尾事故，等级中等。驾驶员反应时间1221ms（过长）且制动上升缓慢532ms，AEB在碰撞前525ms介入但未避免碰撞，行人靠近路缘增加风险。责任倾向驾驶员（68%），系统（22%）和环境（10%）次之。,主因：驾驶员反应时间过长（1221ms）及制动迟缓（上升时间532ms），导致纵向安全距离不足。次因：冰雪路面附着力降低，AEB介入时机偏晚（-525ms）且制动效果有限。,反应时间1221ms，超过1200ms阈值，显著增加碰撞风险。 | 制动上升时间532ms，制动建压缓慢。 | AEB介入时间-525ms（碰撞前525ms）。 | 制动时TTC 2.11秒，时距尚可但未充分利用。 | 碰撞前3秒平均车速31.4km/h，末段减速至15km/h。 | 最大转向角5.3°，未触发紧急换道。,,,,,
BR018,S46,EXP-20260518-046,MULTI_FACTOR,恶劣天气+跟车过近+AEB 保守策略,事故MULTI_FACTOR发生于苏州·工业园区，严重程度MEDIUM。,主要责任驾驶员54%，系统18%，环境28%。,,,,,,
BR019,S44,EXP-20260518-044,MULTI_FACTOR,人-车-路-环境多因素叠加,事故MULTI_FACTOR发生于深圳·南山区，严重程度MEDIUM。,主要责任驾驶员45%，系统31%，环境24%。,,,,,,
BR020,S46,EXP-20260518-046,MULTI_FACTOR,恶劣天气+跟车过近+AEB 保守策略,在城市主干道大雨天气下，车辆跟车过近，且AEB（自动紧急制动）策略过于保守，导致与前方慢车发生碰撞。,恶劣天气（大雨）导致视野受限，驾驶员跟车距离过近，AEB系统在保守策略下未能及时有效制动。,,,,,,
BR021,S25,EXP-20260518-025,AEB_DELAY_OR_MISS,相邻车道侵入未抑制,该事件为相邻车道侵入未抑制导致的AEB延迟/未触发，发生在武汉东湖高新区收费站广场。前车急刹时，自车反应时间897ms（偏长），制动上升时间619ms（缓慢），峰值减速度仅-1.8m/s²（碰撞级），AEB介入滞后320ms。责任倾向于驾驶员与系统共同责任（54% vs 37%），环境因素占9%。本质风险：驾驶员反应延迟叠加系统制动舒适性与AEB仲裁折中导致碰撞无法避免。,主因：驾驶员反应时间过长（897ms），未及时采取有效制动；次因：AEB系统制动请求爬升速率受舒适性限制，且介入点偏晚（滞后320ms），无法弥补驾驶员反应滞后。,1. 反应时间897ms（>800ms）提示驾驶员响应延迟。 | 2. 制动上升时间619ms，制动建立缓慢。 | 3. AEB介入滞后320ms，且介入时TTC为3.15s，但仍未避免碰撞。 | 4. 责任分析中峰值减速度-1.8m/s²，但遥测显示-9.88m/s²，数据不一致需核实。 | 5. 车道线模糊可能影响传感器对前车距离和制动灯亮的感知。,,,,,
BR022,S22,EXP-20260518-022,AEB_DELAY_OR_MISS,FCW 报警后 AEB 未跟进,事故AEB_DELAY_OR_MISS发生于武汉·东湖高新区，严重程度MEDIUM。,主要责任驾驶员36%，系统54%，环境10%。,,,,,,
BR023,S09,EXP-20260518-009,AUTOPILOT_FAULT,横向控制振荡诱发偏离,自动驾驶车辆在收费站广场小雨天气下，因横向控制振荡导致偏离车道，并触及偏移的施工锥桶，事件等级LOW,横向控制振荡,,,,,,
BR024,S28,EXP-20260518-028,TTC_LOW_RISK,下坡车速过快导致 TTC 不足,苏州工业园区快速路下坡段，驾驶员手动驾驶中因跟车时距不足（TTC=1.43s）且反应时间偏长（833ms），触发TTC_LOW_RISK高风险事件。施工区域未完全封闭及系统AEB介入延迟（-548ms）共同导致制动效能不足，责任倾向驾驶员与系统共同承担。,主因：驾驶员跟车时距过低且反应时间超过800ms，未能及时有效减速；次因：施工区域未封闭完全增加风险，系统AEB介入延迟且制动请求爬升受舒适性仲裁影响，导致峰值减速度虽高但未能完全避免碰撞。,驾驶员反应时间833ms，超过800ms注意力关注阈值 | 制动上升时间523ms，表明制动操作果断 | 峰值减速度-1.8m/s²，达到AEB碰撞级制动 | AEB介入时间-548ms，晚于驾驶员制动动作 | 事故前3s均速46.4km/h，从86.7km/h减速而来 | 施工区域未封闭完全，增加环境风险,,,,,
BR025,S48,EXP-20260518-048,MULTI_FACTOR,夜间+眩光+非机动车占道,事故MULTI_FACTOR发生于杭州·滨江区，严重程度HIGH。,主要责任驾驶员58%，系统24%，环境18%。,,,,,,
BR026,S25,EXP-20260518-025,AEB_DELAY_OR_MISS,相邻车道侵入未抑制,相邻车道侵入未抑制,AEB系统对相邻车道侵入车辆的识别或响应延迟，导致未能及时抑制碰撞风险,,,,,,
BR027,S44,EXP-20260518-044,MULTI_FACTOR,人-车-路-环境多因素叠加,人-车-路-环境多因素叠加导致高架匝道汇流冲突事故,多因素叠加：驾驶人、车辆、道路及环境条件共同作用,,,,,,
BR028,S11,EXP-20260518-011,AUTOPILOT_FAULT,规划轨迹突变,自动驾驶状态在长下坡接弯处（有雾）因外卖非机动车占道导致规划轨迹突变，触发AUTOPILOT_FAULT事件，等级HIGH，严重程度HIGH,外卖非机动车占道导致规划轨迹突变,,,,,,
BR029,S47,EXP-20260518-047,MULTI_FACTOR,匝道+大车遮挡+前车急刹,匝道+大车遮挡+前车急刹,施工借道段小雨，行人突然横穿，大车遮挡导致前车急刹,,,,,,
BR030,S27,EXP-20260518-027,TTC_LOW_RISK,cut-in 后 TTC 骤降,【cut-in 后 TTC 骤降】TTC_LOW_RISK,cut-in导致TTC骤降,,,,,,
BR031,S32,EXP-20260518-032,DRIVER_TAKEOVER_FAIL,系统请求接管后 5s 内未接管,这是一起L3级自动驾驶系统请求接管后驾驶员未及时接管导致与前车碰撞的事故。主要风险包括驾驶员反应时间1173ms（偏长）、系统责任占比50%、环境因素（车道标记模糊）增加不确定性。事故发生在南京雨花台区城市主干道，天气晴朗，前车急刹制动灯亮起。端侧风险模型标记为DRIVER_TAKEOVER_FAIL，置信偏高。,主因：驾驶员接管不足，反应时间1173ms超过800ms安全阈值。次因：系统接管请求时机或HMI设计可能不足，且车道标记模糊影响感知稳定性。,驾驶员反应时间1173ms，超过800ms阈值。 | 制动上升时间309ms，制动果断。 | 峰值减速度-1.8 m/s²（责任分析中）。 | 系统责任50%，高于驾驶员39%。 | 车道标记模糊。 | 最大转向角8.7度。,,,,,
BR032,S34,EXP-20260518-034,DRIVER_TAKEOVER_FAIL,接管后方向修正过量,事故DRIVER_TAKEOVER_FAIL发生于广州·黄埔区，严重程度LOW。,主要责任驾驶员39%，系统50%，环境11%。,,,,,,
BR033,S30,EXP-20260518-030,TTC_LOW_RISK,绿灯起步抢行导致 TTC 不足,绿灯起步抢行导致 TTC 不足,绿灯起步抢行，行人靠近路缘导致TTC不足,,,,,,
BR034,S35,EXP-20260518-035,DRIVER_TAKEOVER_FAIL,L3 降级时驾驶员未响应,事故DRIVER_TAKEOVER_FAIL发生于苏州·工业园区，严重程度LOW。,主要责任驾驶员48%，系统42%，环境10%。,,,,,,
BR035,S15,EXP-20260518-015,DRIVER_SLOW_REACTION,夜间眩光下制动偏晚,夜间眩光下制动偏晚,驾驶员因隧道入口处眩光影响，未能及时识别横穿行人，导致制动时机偏晚,,,,,,
BR036,S47,EXP-20260518-047,MULTI_FACTOR,匝道+大车遮挡+前车急刹,事故MULTI_FACTOR发生于深圳·南山区，严重程度HIGH。,主要责任驾驶员61%，系统15%，环境24%。,,,,,,
BR037,S49,EXP-20260518-049,MULTI_FACTOR,系统提示弱+环境复杂+接管犹豫,事故MULTI_FACTOR发生于南京·雨花台区，严重程度HIGH。,主要责任驾驶员61%，系统15%，环境24%。,,,,,,
BR038,S43,EXP-20260518-043,ENVIRONMENT_DISTURB,夜间无照明行人横穿,夜间无照明行人横穿，快速路大雨，前方车辆减速未打灯，自动驾驶状态,前方车辆减速未打灯，行人横穿导致环境干扰,,,,,,
BR039,S10,EXP-20260518-010,AUTOPILOT_FAULT,感知误检导致误制动,自动驾驶系统在高架匝道（雾）环境下，因感知误检导致误制动，车辆在前车急刹制动灯亮起时错误触发制动，影响行车安全。,感知模块误检，将正常场景错误识别为需要紧急制动的危险场景。,,,,,,
BR040,S28,EXP-20260518-028,TTC_LOW_RISK,下坡车速过快导致 TTC 不足,下坡车速过快导致 TTC 不足，TTC_LOW_RISK 事件，HIGH等级，发生在晴朗天气下的快速路，施工区域未完全封闭，自动驾驶状态为MANUAL，严重程度HIGH。,下坡车速过快,,,,,,
BR041,S16,EXP-20260518-016,DRIVER_SLOW_REACTION,分心使用手机,在收费站广场（多云天气）发生分心使用手机导致的慢车占道事件,驾驶员分心使用手机,,,,,,
BR042,S18,EXP-20260518-018,DRIVER_SLOW_REACTION,雨雾视距不足仍高速接近,事故DRIVER_SLOW_REACTION发生于南京·雨花台区，严重程度MEDIUM。,主要责任驾驶员77%，系统12%，环境11%。,,,,,,
BR043,S02,EXP-20260518-002,COLLISION,侧向刮擦（变道冲突）,侧向刮擦（变道冲突）,前车急刹制动灯亮起,,,,,,
BR044,S34,EXP-20260518-034,DRIVER_TAKEOVER_FAIL,接管后方向修正过量,在长下坡接弯、有雾和施工临时标线的复杂路段，L2级辅助驾驶系统请求驾驶员接管后，驾驶员反应时间偏长（920ms），接管后方向修正过量（最大转向角4.3°），导致车辆失控。系统责任50%，驾驶员39%，环境11%。主要风险为驾驶员接管延迟与修正不当。,主因：驾驶员反应时间过长（>800ms）且接管后方向盘修正过量；次因：系统在雾天、抛洒物、施工标线环境下请求接管，未提供充分转向柔化或限幅，且AEB提前介入但驾驶员自主操作抵消部分制动效果。,驾驶员反应时间920ms，超过800ms阈值。 | 制动上升时间346ms，制动果断有效。 | AEB提前-214ms触发，TTC为3.07s。 | 事故前2秒内最大转向角4.3°，表明修正过量。 | 系统责任50%，驾驶员39%，环境11%。 | 端侧风险模型预测DRIVER_TAKEOVER_FAIL置信偏高。,,,,,
BR045,S39,EXP-20260518-039,ENVIRONMENT_DISTURB,路面结冰侧滑,本次事故为低严重度环境扰动事件，发生在武汉东湖高新区雾天长下坡接弯路段，慢车占道且路面结冰。驾驶员反应时间偏长（921ms）及制动上升缓慢（503ms）导致制动效能不足，系统AEB介入较晚（-478ms），车辆侧滑后发生轻微碰撞。责任主要归因于驾驶员（53%）与环境因素（26%）的交织，系统策略（21%）次之。,主因：驾驶员反应延迟（921ms）和制动执行力弱（制动上升503ms），在湿滑弯道下未能及时减速。次因：环境扰动组合（雾天降低能见度、长下坡接弯、慢车占道）与施工临时标线增加了驾驶复杂度，系统AEB介入时机偏晚。,反应时间921ms，超出阈值800ms | 制动上升时间503ms，制动响应缓慢 | AEB在碰撞前478ms介入，偏晚 | 制动时TTC为1.64s，但制动效果不足 | 事故前3s均速63.7 km/h，初始车速77.5 km/h | 环境：雾、长下坡接弯、慢车占道、施工临时标线,,,,,
BR046,S35,EXP-20260518-035,DRIVER_TAKEOVER_FAIL,L3 降级时驾驶员未响应,本次事件为L3降级时驾驶员未响应接管请求，发生在城市主干道，侧风偏大且路面有抛洒物。系统请求接管后，驾驶员反应时间达1362ms，超过1200ms临界值，导致接管失败。虽然制动果断且AEB提前介入，但风险仍被评估为LOW级别。责任倾向驾驶员接管不足，但系统也存在一定不足。,主因：驾驶员反应时间过长（1362ms），未及时握盘接管；次因：侧风偏大及路面抛洒物增加系统感知与规划难度，系统请求接管时机可能偏晚，且AEB介入策略可优化。,驾驶员反应时间1362ms，超过1200ms临界值 | 制动上升时间591ms，制动果断迅速 | AEB提前146ms介入，较驾驶员制动更早 | 制动时TTC为2.18秒，时距尚可但偏短 | 侧风偏大和路面抛洒物为显著环境风险 | 遥测显示车速从83.4km/h逐步降至55.8km/h，减速平稳,,,,,
BR047,S41,EXP-20260518-041,ENVIRONMENT_DISTURB,横风高架桥面偏移,横风高架桥面偏移事故：在快速路大雨环境下，自动驾驶车辆遭遇横风导致桥面偏移，同时受相邻车道变道挤压，引发中等严重程度的环境干扰事故。,横风与湿滑路面共同作用，加上相邻车辆变道挤压，导致车辆在高架桥面发生横向偏移。,,,,,,
BR048,S09,EXP-20260518-009,AUTOPILOT_FAULT,横向控制振荡诱发偏离,在西安高新区收费站广场小雨环境下，一辆启用Autopilot的车辆因横向控制振荡导致偏离车道，与偏移施工锥桶发生接触。主因是智驾系统感知层车道线置信度波动及目标跟踪ID切换导致纵向目标短暂丢失（120ms），规划层触发最小风险轨迹重算时横向振荡抑制不足，最终系统降级，驾驶员虽快速制动（650ms反应）但转向干预不充分。事故等级LOW，系统责任占比66%。,主因：智驾系统的横向控制振荡源于感知层车道线置信度波动和目标跟踪ID切换（120ms丢失），导致规划层最小风险轨迹重算时横向力矩与制动协调延迟。次因：驾驶员接管响应时间650ms虽在可接受范围，但未及时进行转向修正，加剧了偏离。,反应时间650ms（遥测标记） | 制动上升时间361ms（踏板20%至80%） | 感知目标ID切换导致120ms丢失（来自决策链） | 横向振荡抑制不足（规划请求重算，控制层力矩延迟） | 环境小雨+施工锥桶偏移 | 端侧风险模型预测AUTOPILOT_FAULT置信高,,,,,
BR049,S31,EXP-20260518-031,TTC_LOW_RISK,大车遮挡后突然出现的慢车,事故TTC_LOW_RISK发生于广州·黄埔区，严重程度HIGH。,主要责任驾驶员63%，系统26%，环境11%。,,,,,,
BR050,S11,EXP-20260518-011,AUTOPILOT_FAULT,规划轨迹突变,事故AUTOPILOT_FAULT发生于上海·浦东新区，严重程度HIGH。,主要责任驾驶员29%，系统62%，环境9%。,,,,,,
BR051,S30,EXP-20260518-030,TTC_LOW_RISK,绿灯起步抢行导致 TTC 不足,事故TTC_LOW_RISK发生于成都·高新区，严重程度MEDIUM。,主要责任驾驶员68%，系统18%，环境14%。,,,,,,
BR052,S48,EXP-20260518-048,MULTI_FACTOR,夜间+眩光+非机动车占道,2026年5月18日夜间，杭州滨江区施工借道段发生一起多因素交通事故。驾驶员反应延迟（825ms）、制动上升缓慢（409ms），同时系统自动紧急制动（AEB）介入偏晚（-685ms），叠加环境因素（夜间眩光、非机动车占道、车道线模糊），导致车辆以约5km/h速度与前车追尾。事故等级高，责任分布为驾驶员58%、系统24%、环境18%。,主因：驾驶员反应时间过长（>800ms）且制动踏板踩踏上升缓慢（409ms），未能在有效时距内充分减速。次因：系统AEB触发时机偏晚，且制动执行机构响应不足（制动有效标志为假）；环境方面，施工借道段车道线模糊及夜间眩光增加了感知与决策难度。,驾驶员反应时间825ms（>800ms阈值） | 制动上升时间409ms（20%→80%，明显迟缓） | 峰值减速度-11.49m/s²（碰撞级强度） | AEB相对驾驶员制动延时-685ms（待确认符号含义） | 制动时TTC=2.0s（时距尚可） | 事故前3s均速18.2km/h（已大幅减速）,,,,,
BR053,S25,EXP-20260518-025,AEB_DELAY_OR_MISS,相邻车道侵入未抑制,事故AEB_DELAY_OR_MISS发生于武汉·东湖高新区，严重程度HIGH。,主要责任驾驶员54%，系统37%，环境9%。,,,,,,
BR054,S50,EXP-20260518-050,MULTI_FACTOR,多车交互+信号延迟+制动不足,小雨城市主干道多车交互事故，前车急刹制动灯亮起，本车驾驶员反应时间935ms偏长，AEB介入延迟363ms，尽管制动果断且峰值减速度达-10.27m/s²，仍发生碰撞。事故本质为多因素共同作用：驾驶员反应滞后、AEB策略灵敏度不足、湿滑路面制动效能下降。,主因：驾驶员反应时间过长（935ms），超出安全阈值（800ms），导致有效制动启动延迟。次因：AEB系统在TTC=2.79s时未提前触发，延迟363ms，且小雨路面降低摩擦系数，缩短了安全制动距离。,反应时间935ms，高于800ms安全阈值。 | AEB介入延迟-363ms，未在TTC=2.79s时触发。 | 制动峰值减速度-10.27m/s²，但受小雨路面限制。 | 事故前3秒均速22.2km/h，最终碰撞速度低于5.2km/h。 | 方向盘最大转角6.7°，显示有避让动作。 | 环境小雨，前车制动灯亮起已被感知。,,,,,
BR055,S37,EXP-20260518-037,DRIVER_TAKEOVER_FAIL,驾驶员误踩加速踏板,在施工借道段（多云）自动驾驶状态下，因前车急刹制动灯亮起，驾驶员误踩加速踏板导致接管失败,驾驶员误踩加速踏板,,,,,,
BR056,S44,EXP-20260518-044,MULTI_FACTOR,人-车-路-环境多因素叠加,高架匝道汇流冲突中，人车路环境多因素叠加导致中等严重度事故。驾驶员反应时间434ms可接受，AEB提前474ms介入，制动果断但系统与驾驶员控制存在叠加。施工临时标线增加环境不确定性，责任分配偏向人因45%、系统31%、环境24%。,主因：匝道汇流冲突中驾驶员对施工标线环境下的风险预判不足，导致未能及时采取最优避让策略。次因：系统AEB提前介入与驾驶员制动叠加，可能产生控制冲突，且系统接管请求时机或策略不够完善。,驾驶员反应时间434ms，处于可接受区间 | AEB提前474ms介入（制动前） | 制动上升时间583ms，制动果断 | 环境：多云、高架匝道、施工临时标线 | 遥测显示持续减速且转向幅度有限（最大3.0°） | 责任分配：驾驶员45%、系统31%、环境24%,,,,,
BR057,S12,EXP-20260518-012,AUTOPILOT_FAULT,传感器融合短时失效,传感器融合短时失效，发生在施工借道段（多云），行人突然横穿，自动驾驶状态AUTONOMOUS，严重程度HIGH。,传感器融合短时失效,,,,,,
BR058,S06,EXP-20260518-006,COLLISION,匝道末端减速不及,在上海浦东新区隧道入口，小雨天气下，一辆自动驾驶车辆因前方慢车占道而减速不及发生追尾碰撞。主因是驾驶员反应时间过长（1269ms），叠加系统未触发紧急换道、环境湿滑导致制动效率降低。车辆从58.7km/h减速至21.9km/h，但碰撞前约0.3s才达最大制动能力，最终以中等严重程度碰撞。,主因：驾驶员反应时间1269ms显著超过安全阈值，导致制动时机偏晚。次因：系统规划仅请求舒适制动，未启动紧急换道或增强制动；小雨路面反光降低感知精度，制动距离延长。,反应时间1269ms，超过1200ms安全阈值。 | 制动上升时间495ms，制动果断且有效。 | AEB在碰撞前602ms介入，但未单独避免碰撞。 | 制动时TTC为2.94秒，时距偏短。 | 事故前3秒平均速度40.3km/h，后续持续减速。 | 最大制动减速度-6.3m/s²，低于干沥青路面典型值（-8m/s²）。,,,,,
BR059,S46,EXP-20260518-046,MULTI_FACTOR,恶劣天气+跟车过近+AEB 保守策略,大雨天气下，驾驶员跟车过近，前车慢车占道，AEB策略保守，多因素导致追尾事故。驾驶员反应时间433ms，制动果断，但初始跟车距离不足；路面湿滑延长制动距离；AEB提前163ms介入但制动力未能避免碰撞。责任分配中人为因素54%为主导，环境28%、系统18%。,主因为驾驶员跟车过近（反应时间虽可接受但制动距离不足）；次因为大雨路面湿滑降低制动效能，以及AEB保守策略（介入时机提前但制动力偏弱）无法完全补偿。,反应时间433ms，处于可接受区间。 | 制动上升时间549ms，表明制动果断。 | AEB介入提前驾驶员163ms，系统比人更早响应。 | TTC at brake 2.92s，时距偏短。 | 遥测显示持续减速，从64km/h降至27.2km/h（-1600ms）。 | 责任比例：驾驶员54%、环境28%、系统18%。,,,,,
BR060,S07,EXP-20260518-007,COLLISION,隧道内低速追尾,事故COLLISION发生于上海·浦东新区，严重程度MEDIUM。,主要责任驾驶员68%，系统22%，环境10%。,,,,,,
BR061,S45,EXP-20260518-045,MULTI_FACTOR,施工改道+感知降级+驾驶员分心,在冰雪覆盖的快速路上，因施工改道导致车道变更，叠加感知系统降级，驾驶员分心未及时应对，在匝道汇流处发生冲突，事故等级为MEDIUM。,施工改道与冰雪环境导致道路条件复杂，感知系统降级未能提供有效预警，驾驶员分心未能及时干预。,,,,,,
BR062,S27,EXP-20260518-027,TTC_LOW_RISK,cut-in 后 TTC 骤降,事故TTC_LOW_RISK发生于北京·亦庄，严重程度LOW。,主要责任驾驶员63%，系统26%，环境11%。,,,,,,
BR063,S41,EXP-20260518-041,ENVIRONMENT_DISTURB,横风高架桥面偏移,大雨快速路上，自动驾驶车辆因相邻车道车辆变道挤压及横风扰动，驾驶员在726ms内制动减速，AEB提前497ms介入，但事故仍发生。多因素交织：环境（大雨、临时标线）贡献32%，人因反应时间可接受，系统规划请求接管但权重切换留有风险。,主因：环境扰动（横风、大雨、临时标线）导致车辆偏移及相邻车道变道挤压，超出系统安全边界。次因：系统规划请求接管后，控制权重切换延迟，驾驶员制动虽果断但未完全规避风险。,反应时间726ms，处于可接受区间 | 制动上升时间585ms，制动果断 | AEB提前497ms介入，早于驾驶员制动 | 事故前3s平均车速45.2km/h，已大幅减速 | 最大转向角9°，存在横向修正 | 责任比例：环境32%、人40%、系统28%,,,,,
BR064,S02,EXP-20260518-002,COLLISION,侧向刮擦（变道冲突）,城市主干道晴好天气下，本车因前车急刹制动灯亮起而追尾碰撞。驾驶员反应时间长达1299ms，显著增加风险；AEB在碰撞前361ms介入，制动强度高但仍无法避免。责任主要归于驾驶员（71%），系统与环境因素次之。,主因为驾驶员反应时间过长（1299ms），导致制动起始过晚；次因为AEB介入延迟（-361ms），未能及时补充制动，且前车急刹为突发环境干扰。,反应时间1299ms，高于1200ms安全阈值 | 制动上升时间365ms，制动果断 | AEB介入延迟-361ms，制动生效晚 | 峰值减速度-1.8m/s²（计算值），但遥测显示实际减速度达-11.05m/s² | 碰撞前3秒均速35.8km/h，初始车速74.5km/h | 最大转向角7.4°，表明驾驶员有轻微避让动作,,,,,
BR065,S29,EXP-20260518-029,TTC_LOW_RISK,弯道出口前车减速,事故TTC_LOW_RISK发生于广州·黄埔区，严重程度MEDIUM。,主要责任驾驶员73%，系统15%，环境12%。,,,,,,
BR066,S08,EXP-20260518-008,AUTOPILOT_FAULT,NOA 异常退出未提示,事故AUTOPILOT_FAULT发生于深圳·南山区，严重程度HIGH。,主要责任驾驶员20%，系统70%，环境10%。,,,,,,
BR067,S09,EXP-20260518-009,AUTOPILOT_FAULT,横向控制振荡诱发偏离,事故AUTOPILOT_FAULT发生于西安·高新区，严重程度LOW。,主要责任驾驶员22%，系统66%，环境12%。,,,,,,
BR068,S43,EXP-20260518-043,ENVIRONMENT_DISTURB,夜间无照明行人横穿,夜间大雨环境下，快速路上前方车辆减速未打灯，自动驾驶系统面临环境扰动。驾驶员反应时间759ms，制动上升时间497ms较长，AEB在-509ms介入，TTC 2.99s，最终发生碰撞。责任倾向环境扰动与人因/系统策略交织，多因素共同导致。,主因：环境扰动（大雨夜间能见度低、前车未打灯减速）与系统制动响应迟缓（制动上升时间497ms）共同导致碰撞风险。次因：驾驶员制动操作不够果断，虽反应时间可接受但制动踏板上升缓慢。,驾驶员反应时间759ms（可接受但非最优） | 制动上升时间497ms（迟缓，从20%到80%） | AEB介入时刻-509ms | 制动时TTC 2.99s | 事故前3s均速67.1km/h | 天气大雨、夜间无照明、前车未打灯减速,,,,,
BR069,S07,EXP-20260518-007,COLLISION,隧道内低速追尾,隧道内低速追尾,冰雪路面导致制动距离增加，行人靠近路缘可能分散驾驶员注意力,,,,,,
BR070,S37,EXP-20260518-037,DRIVER_TAKEOVER_FAIL,驾驶员误踩加速踏板,在深圳南山区施工借道段，自动驾驶系统因前车急刹请求人工接管，驾驶员反应时间偏长（965ms）且存在短暂制动松开，最终虽施加了极强制动（-1.8m/s²），但系统介入时机较晚（AEB延迟-394ms），导致高严重度驾驶员接管失败事件。系统责任占比50%，驾驶员为39%，环境模糊标线加剧了接管困难。,主因：系统在复杂施工借道环境下，风险最小化减速策略不足且AEB介入延迟，未能给驾驶员预留充分接管时间。次因：驾驶员注意力状态不佳，接管响应超800ms阈值，且在制动过程中出现踏板放松（87%→100%波动），影响减速度连续性。,驾驶员反应时间965ms，超过800ms阈值，表明注意力状态不佳。 | AEB介入时机为-394ms（制动前），但ttc仍有2.11s，介入效果受限。 | 制动过程中brake出现100%→87%→100%非单调变化，存在操作波动。 | 峰值减速度-1.8m/s²已属于极强制动，但仅持续短时间。 | 环境因素：施工借道段、多云、车道线模糊，增加系统感知难度。 | 系统责任比例50%高于驾驶员的39%，反映接管请求与减速策略有待优化。,,,,,
BR071,S37,EXP-20260518-037,DRIVER_TAKEOVER_FAIL,驾驶员误踩加速踏板,事故DRIVER_TAKEOVER_FAIL发生于深圳·南山区，严重程度HIGH。,主要责任驾驶员39%，系统50%，环境11%。,,,,,,
BR072,S24,EXP-20260518-024,AEB_DELAY_OR_MISS,施工区域未减速,事故AEB_DELAY_OR_MISS发生于成都·高新区，严重程度HIGH,主要责任驾驶员43%，系统48%，环境9%,,,,,,
BR073,S47,EXP-20260518-047,MULTI_FACTOR,匝道+大车遮挡+前车急刹,一宗涉及多因素（匝道、大车遮挡、行人横穿、施工借道段、小雨）的交通事故，车辆在手动驾驶状态下以约89km/h行驶，驾驶员反应时间偏长（827ms），AEB提前介入但未能避免碰撞，最终责任分配为驾驶员61%、环境24%、系统15%。,主因：驾驶员反应时间过长（827ms）导致制动时机偏晚；次因：大车遮挡视线、施工借道段及小雨降低能见度，行人突然横穿，系统AEB虽提前237ms介入但减速度不足。,驾驶员反应时间827ms，超出推荐阈值。 | AEB提前237ms介入，但未能避免碰撞。 | 峰值减速度-1.8m/s²，制动强度极高。 | 事故前3秒平均速度48.6km/h，初始速度89.2km/h。 | 环境因素：小雨、施工借道段、行人横穿。 | 责任比例：驾驶员61%，环境24%，系统15%。,,,,,
BR074,S20,EXP-20260518-020,AEB_DELAY_OR_MISS,AEB 触发过晚,事故AEB_DELAY_OR_MISS发生于上海·浦东新区，严重程度HIGH。,主要责任驾驶员41%，系统47%，环境12%。,,,,,,
BR075,S13,EXP-20260518-013,AUTOPILOT_FAULT,接管请求延迟,本次事故发生在深圳南山区快速路小雨环境，自动驾驶状态下前车急刹，系统出现AUTOPILOT_FAULT故障，接管请求延迟（938ms），驾驶员制动果断但峰值减速度极大，最终碰撞。主要风险为智驾系统感知异常导致控制协调延迟，叠加驾驶员接管响应偏慢。,主因：智驾系统目标跟踪ID切换导致纵向目标丢失120ms，规划控制协调延迟（横向振荡抑制不足、降级提示与制动力不同步）。次因：驾驶员接管反应时间938ms偏长（＞800ms），注意力状态存疑。,反应时间938ms，大于800ms警戒值 | 目标跟踪ID切换导致纵向目标丢失120ms | 制动上升时间536ms，制动果断 | 峰值减速度-1.8 m/s²，极强制动 | AEB介入-540ms，早于驾驶员 | 车道线模糊（小雨环境）,,,,,
BR076,S22,EXP-20260518-022,AEB_DELAY_OR_MISS,FCW 报警后 AEB 未跟进,冰雪长下坡弯道中，施工锥桶偏移触发FCW，但AEB因舒适性仲裁未执行硬制动，驾驶员果断介入制动（反应626ms，制动上升429ms），受路面摩擦系数降低影响，车辆仍以约15km/h轻微碰撞锥桶。系统与驾驶员共同责任，主要风险为特殊环境下AEB策略与舒适性控制的冲突。,主因：系统AEB请求（早于驾驶员制动950ms）被舒适性仲裁抑制，未能及时执行制动；次因：冰雪路面制动距离增加，驾驶员制动后残余速度仍导致碰撞。,FCW报警后AEB未跟进，里程较短且舒适性仲裁活跃。 | 驾驶员反应时间626ms，制动上升时间429ms，制动最大百分比76%。 | 环境冰雪、长下坡接弯、施工锥桶偏移。 | 遥测显示车速从50.5km/h降至15km/h，减速度最大-6.3m/s²。 | AEB请求比驾驶员制动早950ms（aebDelayMs=-950），但实际未触发制动。 | 系统责任占比54%，驾驶员36%，环境10%。,,,,,
BR077,S27,EXP-20260518-027,TTC_LOW_RISK,cut-in 后 TTC 骤降,本起事故发生于北京亦庄快速路雾天，因前车切入导致本车跟车时距骤降，系统与驾驶员共同响应。主要风险包括驾驶员反应时间偏长（931ms）致使TTC降至1.21s时触发强制动，以及系统AEB在舒适性仲裁下制动强度不足，环境雾天进一步降低感知可靠性。事故严重度为LOW，但反映人机协作瓶颈。,主因为驾驶员反应时间过长（931ms>800ms），未能及时减速；次因是系统在感知切车后风险权重调整不充分，且AEB介入虽早（-538ms）但制动力度受舒适性限制，导致TTC仍在高风险区间。环境雾天降低了毫米波雷达与摄像头融合的置信度。,反应时间931ms，超过800ms注意力预警阈值 | 制动时TTC仅1.21s，属于高风险跟车状态 | AEB较驾驶员提前538ms介入，但制动力度不足 | 最大转向角8.8°，表明有轻微避让动作 | 环境为雾天快速路，感知条件受限 | 施工锥桶偏移增加了场景复杂度,,,,,
BR078,S50,EXP-20260518-050,MULTI_FACTOR,多车交互+信号延迟+制动不足,多车交互过程中，前车急刹制动灯亮起，由于信号延迟导致本车制动不足，发生追尾或碰撞风险。,多车交互、信号延迟、制动不足,,,,,,
BR079,S32,EXP-20260518-032,DRIVER_TAKEOVER_FAIL,系统请求接管后 5s 内未接管,系统请求接管后5秒内驾驶员未接管，导致DRIVER_TAKEOVER_FAIL事件，发生于城市主干道（晴天），前车急刹制动灯亮起，自动驾驶状态为AUTONOMOUS，严重程度HIGH。,驾驶员未能在系统请求接管后的5秒内响应，可能由于注意力不集中或未及时处理接管请求。,,,,,,
BR080,S08,EXP-20260518-008,AUTOPILOT_FAULT,NOA 异常退出未提示,NOA在园区内部路侧风偏大条件下，因感知层目标跟踪ID切换导致纵向目标丢失120ms，系统触发降级但提示与制动不同步，面对右侧车辆强行切入时，驾驶员反应及时但制动峰值减速度不足，最终发生碰撞，主因是智驾系统异常。,主因：感知层目标跟踪ID切换导致纵向目标丢失120ms，规划层MRM前横向振荡抑制不足，控制层降级提示与制动力建立不同步。次因：侧风偏大和车道线模糊增加感知不确定性。,系统日志记录目标跟踪ID切换导致纵向目标丢失120ms。 | 遥测数据显示制动减速度从-1.8m/s²升至-10.49m/s²，制动踏板开度从36%升至100%。 | 驾驶员反应时间730ms，处于可接受区间。 | AEB介入记录（相对于驾驶员制动-880ms）。 | 车道线置信度波动和侧风环境被记录。,,,,,
BR081,S23,EXP-20260518-023,AEB_DELAY_OR_MISS,低速行人场景漏检,在西安高新区城市主干道多天气下，一辆处于手动驾驶状态的车辆因AEB系统对占道外卖非机动车漏检或延迟触发，导致碰撞风险。系统责任54%，驾驶员责任36%，环境因素占10%。事故涉及低速行人场景，AEB介入偏晚，制动爬升率受限，规划层目标时距振荡，最终未能完全避免碰撞。,主因：AEB系统对非机动车占道的风险权重上调不足，制动请求爬升速率受舒适性约束，导致AEB介入延迟（-680ms）且减速度未达预期。次因：驾驶员反应时间786ms虽可接受，但初始制动强度不足，叠加夜间车道线磨损影响感知，共同导致碰撞。,事故前7个时间点遥测数据：速度从87.1km/h降至14.4km/h，制动从36%增至100%。 | 反应时间786ms，制动上升时间513ms，均属可接受范围。 | AEB介入时间-680ms（碰撞前），但制动减速度峰值仅-1.8m/s²。 | 制动时TTC 2.98s，表明制动时机较晚。 | 系统责任54%，驾驶员责任36%，环境10%。 | 环境：多云，车道线夜间磨损不清，障碍物为外卖非机动车占道。,,,,,
BR082,S17,EXP-20260518-017,DRIVER_SLOW_REACTION,跟车距离过近,一起发生在杭州滨江区收费站广场雾天的近距离跟车事故。驾驶员反应延迟814ms，跟车过近，前车减速未打灯，导致中等严重度碰撞风险。系统AEB提前761ms介入，但驾驶员制动时TTC为3.08s，制动果断。责任偏向驾驶员（58%），次要归于系统（30%）和环境（12%）。,主因为驾驶员反应不足（814ms）和跟车距离过近；次因为环境因素（雾天、雨天反光、前车未打灯）及系统目标时距振荡（1.24s），AEB虽提前触发但未完全避免风险。,驾驶员反应时间814ms，超过800ms安全阈值 | 制动上升时间547ms，制动动作果断 | 系统AEB提前761ms介入 | 制动时TTC为3.08s，时距尚可 | 事故前3秒均速55.1km/h | 环境因素：雾、雨天反光、前车未打灯,,,,,
BR083,S48,EXP-20260518-048,MULTI_FACTOR,夜间+眩光+非机动车占道,夜间施工借道段，因对向车辆眩光干扰，驾驶员未及时发现前方非机动车占道，加之L2辅助驾驶系统对静止障碍物识别延迟，前车急刹时制动灯亮起但本车未能有效避让，导致追尾事故。,夜间眩光导致的驾驶员视觉盲区与L2系统对非机动车等异形障碍物的感知局限共同作用。,,,,,,
BR084,S11,EXP-20260518-011,AUTOPILOT_FAULT,规划轨迹突变,在浦东新区长下坡接弯的雾天场景中，自动驾驶系统因感知目标跟踪ID切换导致纵向目标丢失120ms，触发最小风险轨迹重算（MRM）但横向振荡抑制不足，同时驾驶员制动上升时间偏长（464ms）且峰值减速度仅-1.8m/s²，最终与非机动车发生碰撞。事故主因是系统决策异常，次因是驾驶员接管响应滞后。,主因：智驾系统感知层目标跟踪ID切换导致纵向目标丢失120ms，规划层MRM横向振荡抑制不足；次因：驾驶员制动踏板上升时间464ms（过长）且峰值减速度不足，接管响应时距虽可但制动力建立缓慢。,反应时间430ms，制动上升时间464ms，峰值减速度-1.8m/s² | AEB介入时间-540ms，制动时TTC 2.89s | 感知目标跟踪ID切换导致纵向目标丢失120ms | 车道线置信度波动；规划MRM横向振荡抑制不足 | 制动踏板从36%升至100%过程中转向角波动（最大5.4°） | 系统降级提示与制动力建立不同步,,,,,
BR085,S35,EXP-20260518-035,DRIVER_TAKEOVER_FAIL,L3 降级时驾驶员未响应,L3降级时驾驶员未响应，自动驾驶辅助状态L2_ASSIST，发生在城市主干道，侧风偏大，有路面抛洒物，严重程度LOW。,驾驶员未能及时接管车辆控制权,,,,,,
BR086,S38,EXP-20260518-038,ENVIRONMENT_DISTURB,团雾突发能见度骤降,事故ENVIRONMENT_DISTURB发生于南京·雨花台区，严重程度HIGH。,主要责任驾驶员47%，系统24%，环境29%。,,,,,,
BR087,S14,EXP-20260518-014,DRIVER_SLOW_REACTION,前车急刹反应滞后,该事故发生于北京亦庄高架匝道，多云天气下因前车急刹导致追尾风险。驾驶员反应时间1050ms（偏长），且跟车过近（制动时TTC 1.91s），为主要成因。系统AEB介入延迟-553ms，环境因素包括路面抛洒物和夜间磨损不清的车道线，共同降低了安全余量。事故等级LOW，责任倾向驾驶员（58%）。,主因：驾驶员注意力分散/跟车过近，反应时间1050ms超过建议阈值800ms；次因：系统AEB触发延迟-553ms，且控制策略（舒适性仲裁）限制了制动爬升速率，未能及时补偿人因滞后。,驾驶员反应时间1050ms，超过800ms阈值 | 制动时TTC仅1.91s，跟车过近 | AEB介入延迟-553ms，未及时补位 | 事故前3s平均车速57.9km/h，制动上升时间431ms | 夜间车道线磨损不清，多云天气降低可见度 | 路面抛洒物为突发制动诱因,,,,,
BR088,S21,EXP-20260518-021,AEB_DELAY_OR_MISS,静态目标未识别,事故AEB_DELAY_OR_MISS发生于北京·亦庄，严重程度HIGH。,主要责任驾驶员43%，系统48%，环境9%。,,,,,,
BR089,S21,EXP-20260518-021,AEB_DELAY_OR_MISS,静态目标未识别,【静态目标未识别】AEB_DELAY_OR_MISS,静态目标未识别,,,,,,
BR090,S23,EXP-20260518-023,AEB_DELAY_OR_MISS,低速行人场景漏检,低速行人场景漏检,传感器检测延迟或遮挡导致目标漏检,,,,,,
BR091,S32,EXP-20260518-032,DRIVER_TAKEOVER_FAIL,系统请求接管后 5s 内未接管,事故DRIVER_TAKEOVER_FAIL发生于南京·雨花台区，严重程度HIGH,主要责任驾驶员39%，系统50%，环境11%,,,,,,
BR092,S20,EXP-20260518-020,AEB_DELAY_OR_MISS,AEB 触发过晚,在长下坡接弯路段且车道标线模糊、多云条件下，前车急刹且制动灯亮起，本车驾驶员636ms后开始制动，制动上升时间535ms，峰值减速度-1.8m/s²（输入标注为极强制动），AEB在驾驶员制动后320ms介入（aebDelayMs=-320），导致碰撞风险。责任分配系统47%、驾驶员41%、环境12%，主因为AEB触发延迟与驾驶员制动强度不足。,主因：系统AEB仲裁策略在长下坡接弯场景下触发延迟（-320ms），未能及时辅助制动；次因：驾驶员反应时间虽可接受（636ms），但制动峰值减速度仅-1.8m/s²，在未获AEB及时辅助下不足以避免碰撞。,驾驶员反应时间636ms | 制动上升时间535ms | AEB延迟-320ms | 制动时TTC=2.43s | 峰值减速度-1.8m/s² | 环境：长下坡接弯、车道模糊、多云,,,,,
BR093,S10,EXP-20260518-010,AUTOPILOT_FAULT,感知误检导致误制动,事故AUTOPILOT_FAULT发生于武汉·东湖高新区，严重程度HIGH。,主要责任驾驶员32%，系统58%，环境10%。,行车记录仪显示驾驶员低头看手机持续3秒 | EDR数据显示系统未发出告警 | 路侧监控显示障碍物存在且无反光标识,,,,,
BR094,S01,EXP-20260518-001,COLLISION,追尾碰撞（跟车过近）,L2级辅助驾驶车辆在雾天隧道入口追尾未完全封闭的施工区域障碍物。主要风险包括驾驶员反应迟缓（888ms）、制动上升缓慢（412ms）、AEB介入较晚（-775ms），以及环境雾天能见度低和施工警示不足。事故等级HIGH，责任倾向驾驶员为主（61%），系统次之（25%）。,主因：驾驶员反应时间过长（888ms）且制动操作迟缓（制动上升412ms），导致制动效能不足。次因：AEB介入延迟（-775ms）且系统未触发紧急换道；环境雾天降低感知距离，施工区域未完全封闭形成突发障碍。,事故前4.2秒开始制动，但前2.5秒制动踏板仅36%-72%，减速度低，制动效能不足 | 驾驶员反应时间888ms（>800ms建议值），制动上升时间412ms，显示反应迟缓 | AEB碰撞前775ms介入，但峰值减速度仅-1.8 m/s²（端侧信号），而遥测显示-770ms时达到-10.62 m/s² | 事故前3s均速25.8km/h，减速后速度仍较高 | 环境雾天、隧道入口、施工区域未封闭完全，构成复杂场景 | 转向角在-1600ms出现较大波动（3.4°→-3.1°），表明有避让意图但未成功,,,,,
BR095,S33,EXP-20260518-033,DRIVER_TAKEOVER_FAIL,双手脱离方向盘,南京雨花台区城市主干道发生L2级辅助驾驶事故，驾驶员接管失败。事件本质为驾驶员在系统请求接管后反应时间过长（1454ms），叠加夜间车道线磨损、侧风偏大及邻车变道挤压，导致碰撞风险。主要风险在于驾驶员注意力不足与系统接管请求响应机制失效。,主因：驾驶员接管反应时间1454ms（超过1200ms阈值），未能及时握盘并控制车辆。次因：系统规划请求接管后风险最小化减速不足，AEB虽提前介入但制动减速度可能未达最优，且侧风与环境干扰加剧了失控。,驾驶员反应时间1454ms，远超1200ms阈值，直接证明接管延迟。 | 制动上升时间399ms，表明制动动作果断，与反应长形成对比。 | AEB提前586ms介入，说明系统先于驾驶员识别风险。 | 制动时TTC 2.14s，时距尚可但未避免碰撞，反映制动强度或时机不足。 | 事故前3s均速39.8km/h，最后遥测速度21.4km/h，减速趋势持续但未归零。 | 责任分配中系统占比49%，接近驾驶员，表明系统规划或控制存在改进空间。,,,,,
BR096,S50,EXP-20260518-050,MULTI_FACTOR,多车交互+信号延迟+制动不足,事故MULTI_FACTOR发生于武汉·东湖高新区，严重程度HIGH。,主要责任驾驶员61%，系统15%，环境24%。,,,,,,
BR097,S42,EXP-20260518-042,ENVIRONMENT_DISTURB,积水水滑,事故ENVIRONMENT_DISTURB发生于苏州·工业园区，严重程度HIGH。,主要责任驾驶员47%，系统24%，环境29%。,,,,,,
BR098,S45,EXP-20260518-045,MULTI_FACTOR,施工改道+感知降级+驾驶员分心,发生一起多因素导致的中等严重程度事故，位于广州黄埔区快速路（冰雪覆盖），涉及施工改道与匝道汇流冲突。驾驶员分心（反应时间578ms处于可接受区间但可优化）、系统感知降级（多目标关联复杂）及冰雪环境共同导致碰撞，单一归因不足。,主因：驾驶员分心，在冰雪施工路段未能及时充分制动；次因：系统感知降级（复杂交互场景下多目标关联困难）及施工临时标线导致环境不确定性增加。,遥测显示持续制动但减速幅度受限（冰雪路面） | 反应时间578ms处于可接受边界 | AEB介入早于驾驶员209ms | 最大转向角4.7°，基本无紧急避让 | 环境含施工标线和匝道汇流冲突 | 系统感知复杂场景多目标关联困难,,,,,
BR099,S18,EXP-20260518-018,DRIVER_SLOW_REACTION,雨雾视距不足仍高速接近,在南京雨花台区施工借道段的雾天环境下，驾驶员以约34.4km/h均速行驶，因制动反应时间长达1317ms且制动上升缓慢（297ms），导致与偏移施工锥桶发生碰撞。系统L2级辅助驾驶的AEB虽提前176ms介入但仍未能避免事故，责任主要归于驾驶员（77%），系统与环境因素次要。,主因：驾驶员注意力分散或跟车过近导致的制动反应延迟（1317ms）及制动上升过慢（297ms），使制动效果不足。次因：浓雾降低视距，施工借道段锥桶偏移增加场景复杂度，系统AEB仲裁受舒适性约束介入时机稍晚。,制动反应时间1317ms超出1200ms安全阈值，显著增加碰撞风险。 | 制动上升时间297ms（踏板20%→80%）表明制动力建立缓慢。 | AEB在驾驶员制动前176ms介入（aebDelayMs=-176），但未完全避免碰撞。 | 事故前3秒均速34.4km/h，制动时TTC为2.81s，时距充足但制动效果不足。 | 环境为浓雾施工借道段，施工锥桶偏移属于动态障碍。 | 端侧风险模型标记为DRIVER_SLOW_REACTION，置信度偏高。,,,,,
BR100,S19,EXP-20260518-019,DRIVER_SLOW_REACTION,匝道汇流未预留时距,事故DRIVER_SLOW_REACTION发生于西安·高新区，严重程度HIGH。,主要责任驾驶员64%，系统26%，环境10%。,,,,,,
BR101,S15,EXP-20260518-015,DRIVER_SLOW_REACTION,夜间眩光下制动偏晚,事故DRIVER_SLOW_REACTION发生于武汉·东湖高新区，严重程度HIGH。,主要责任驾驶员68%，系统22%，环境10%。,,,,,,
BR102,S15,EXP-20260518-015,DRIVER_SLOW_REACTION,夜间眩光下制动偏晚,2026年5月18日武汉东湖高新区隧道入口发生一起夜间小雨环境下的驾驶员反应迟缓事故。行人突然横穿，驾驶员制动反应时间高达1456ms（超限），制动上升时间596ms，峰值减速度-1.8m/s²，系统AEB介入延迟785ms，最终导致碰撞。主要风险为驾驶员注意力分散及跟车过近，次要因素为系统反应迟滞与环境不良。,主因：驾驶员反应时间过长（1456ms）且制动上升缓慢（596ms），未能及时建立有效减速度，责任比68%。次因：系统AEB介入延迟（-785ms）及隧道入口小雨夜间环境下视线受阻、车道线磨损，分别占22%和10%。,驾驶员反应时间1456ms，超出安全阈值1200ms，显著增加碰撞风险。 | 制动上升时间596ms，踏板从20%至80%耗时过长，减速度建立缓慢。 | AEB介入比驾驶员制动提前785ms，但TTC为2.12s时仍未能避免碰撞。 | 事故前3s平均车速33km/h，表明已大幅减速，但初始车速71.2km/h过快。 | 环境条件：夜间小雨、隧道入口、车道线磨损，降低可行驶性。 | 责任分析显示驾驶员68%责任，系统22%，环境10%。,,,,,
BR103,S01,EXP-20260518-001,COLLISION,追尾碰撞（跟车过近）,追尾碰撞（跟车过近）,跟车过近导致制动距离不足,,,,,,
BR104,S04,EXP-20260518-004,COLLISION,倒车碰撞非机动车,在成都高新区收费站广场晴天条件下，一辆L2辅助驾驶车辆因驾驶员反应时间偏长（1150ms）导致对路面抛洒物避让不及，碰撞非机动车。主要风险为驾驶员注意力不足及系统AEB虽提前介入但未能完全避免碰撞，事故等级为LOW。,主因为驾驶员反应时间过长（1150ms），导致制动时机偏晚；次因为系统AEB介入时机虽早（-669ms）但制动强度不足，且规划层未触发紧急换道策略。,驾驶员反应时间1150ms（偏长） | 制动上升时间330ms（果断） | AEB系统介入时间-669ms（早于驾驶员） | 制动时TTC 2.39s | 碰撞前速度从73.8km/h降至46.2km/h | 环境为晴天、收费站广场、路面抛洒物,,,,,
BR105,S02,EXP-20260518-002,COLLISION,侧向刮擦（变道冲突）,事故COLLISION发生于苏州·工业园区，严重程度HIGH。,主要责任驾驶员71%，系统14%，环境15%。,,,,,,
BR106,S05,EXP-20260518-005,COLLISION,环岛内连环碰撞,环岛内连环碰撞，发生于施工借道段（晴），涉及匝道汇流冲突，自动驾驶状态L2_ASSIST,匝道汇流冲突导致连环碰撞,,,,,,
BR107,S43,EXP-20260518-043,ENVIRONMENT_DISTURB,夜间无照明行人横穿,事故ENVIRONMENT_DISTURB发生于成都·高新区，严重程度MEDIUM。,主要责任驾驶员47%，系统24%，环境29%。,,,,,,
BR108,S21,EXP-20260518-021,AEB_DELAY_OR_MISS,静态目标未识别,2026年5月18日北京亦庄城市主干道冰雪路面，车辆在手动驾驶状态下遭遇未完全封闭施工区域。AEB触发偏晚（-1450ms），驾驶员反应时间956ms偏长，制动强度达-9.7m/s²但已无法避免碰撞。系统与驾驶员共同承担责任（系统48%，驾驶员43%），环境因素占9%。事故本质为冰雪环境下动态目标与静态障碍物感知融合不足，叠加驾驶员注意力响应延迟。,主因：系统感知融合模块对冰雪环境下未完全封闭施工区域识别延迟，目标风险权重上调不足，导致AEB触发偏晚。次因：驾驶员反应时间956ms超过推荐阈值（800ms），注意力分配不当。环境冰雪与施工区域反光进一步降低感知可靠性。,驾驶员反应时间956ms（>800ms），注意力状态存疑 | AEB触发时刻-1450ms，晚于驾驶员制动时刻 | 制动峰值减速度-9.7m/s²（碰撞级），但制动上升时间358ms合理 | 事故前3s平均车速36.3km/h，制动时TTC=2.25s | 施工区域未封闭完全，环境冰雪+雨天反光 | 系统感知融合对静态施工区域风险权重不足,,,,,
BR109,S24,EXP-20260518-024,AEB_DELAY_OR_MISS,施工区域未减速,施工区域未减速,行人突然横穿，自动驾驶未能及时制动,,,,,,
BR110,S01,EXP-20260518-001,COLLISION,追尾碰撞（跟车过近）,事故COLLISION发生于苏州·工业园区，严重程度HIGH。,主要责任驾驶员61%，系统25%，环境14%。,,,,,,
BR111,S16,EXP-20260518-016,DRIVER_SLOW_REACTION,分心使用手机,在苏州工业园区收费站广场，多云天气下，一例LOW等级事故因驾驶员分心（推测使用手机）导致制动反应延迟1309ms，结合制动上升慢（318ms），与前方慢车占道发生危险接近。系统AEB介入滞后432ms，碰撞风险最终由驾驶员反应不足和跟车过近主导。,主因为驾驶员注意力分散致制动反应时间过长（1309ms）且制动上升缓慢；次因为系统舒适性控制与AEB仲裁导致制动请求爬升速率受限，未有效补偿驾驶员延迟。,反应时间1309ms超过1200ms安全阈值 | 制动上升时间318ms表明踏板响应迟缓 | AEB介入时间-432ms滞后于理想时机 | 制动时TTC=2.65s，时距尚可但制动效能不足 | 事故前3s平均车速49.0km/h，减速度逐步增大 | 驾驶员无明确接管请求，系统判定DRIVER_SLOW_REACTION,,,,,
BR112,S14,EXP-20260518-014,DRIVER_SLOW_REACTION,前车急刹反应滞后,事故DRIVER_SLOW_REACTION发生于北京·亦庄，严重程度LOW。,主要责任驾驶员58%，系统30%，环境12%。,,,,,,
BR113,S39,EXP-20260518-039,ENVIRONMENT_DISTURB,路面结冰侧滑,长下坡接弯路段，有雾，路面结冰，且前方有慢车占道，导致车辆侧滑。,路面结冰,,,,,,
BR114,S29,EXP-20260518-029,TTC_LOW_RISK,弯道出口前车减速,广州黄埔区高架匝道小雨天气下，前车减速未打灯导致跟车时距不足，驾驶员反应时间偏长（877ms）且制动时TTC仅1.08s，系统AEB提前-364ms介入，但风险等级仍为MEDIUM。事件暴露驾驶员注意力与系统舒适性仲裁的协同缺陷。,主因为驾驶员跟车时距不足且反应时间超过800ms阈值；次因为系统规划目标时距振荡（1.36s）且制动请求爬升受舒适性限制，前车未打灯进一步增加了预测难度。,反应时间877ms（>800ms阈值） | 制动时TTC 1.08s（风险极高） | 前车减速未打灯（环境因素） | 小雨高架匝道（降低附着力） | 制动上升时间474ms（制动果断） | AEB提前-364ms介入（系统提前反应）,,,,,
BR115,S29,EXP-20260518-029,TTC_LOW_RISK,弯道出口前车减速,在高架匝道（小雨）弯道出口处，因前方车辆减速未打灯，本车触发TTC_LOW_RISK预警，等级MEDIUM，自动驾驶状态MANUAL，严重程度MEDIUM。,前方车辆在弯道出口突然减速且未开启转向灯，导致本车与前车距离快速缩短，触发低风险碰撞时间预警。,,,,,,
BR116,S10,EXP-20260518-010,AUTOPILOT_FAULT,感知误检导致误制动,高架匝道雾天，前车急刹，智驾系统因感知误检（车道线置信度波动、目标跟踪ID切换致120ms目标丢失）触发MRM，但横向振荡抑制不足且制动协调延迟，导致系统降级后碰撞风险。驾驶员580ms反应可接受，但594ms制动上升过慢，AEB未介入，最终碰撞。系统责任占比58%。,主因：感知层目标跟踪ID切换导致纵向目标丢失120ms，规划层MRM触发前横向振荡抑制不足，控制层制动与转向协调延迟。次因：驾驶员制动上升时间偏长（594ms），环境雾天致车道线模糊。,感知丢失目标120ms（ID切换） | 制动上升时间594ms（踏板20%-80%） | AEB未介入（aebDelayMs=-1） | 峰值减速度后期达-10.65m/s² | 车道线置信度波动且模糊 | 最大转向角8.8°（横向振荡）,,,,,
BR117,S38,EXP-20260518-038,ENVIRONMENT_DISTURB,团雾突发能见度骤降,团雾突发能见度骤降,隧道入口处突发团雾导致能见度极低，叠加小雨影响，同时有行人突然横穿道路。,,,,,,
BR118,S18,EXP-20260518-018,DRIVER_SLOW_REACTION,雨雾视距不足仍高速接近,雨雾视距不足仍高速接近导致驾驶员反应慢，施工借道段雾天锥桶偏移，自动驾驶L2_ASSIST状态下发生中等严重事故,驾驶员在雨雾天气视距不足的情况下仍以较高速度接近施工区域，未能及时识别偏移的施工锥桶并采取减速或避让措施,,,,,,
BR119,S49,EXP-20260518-049,MULTI_FACTOR,系统提示弱+环境复杂+接管犹豫,2026年5月18日南京雨花台区快速路（多云）发生L2辅助驾驶事故。车辆以约48.6km/h接近未完全封闭施工区域，系统提示弱，驾驶员反应时间502ms但制动上升缓慢（404ms），峰值减速度-1.8m/s²（碰撞级），最终碰撞。多因素共同作用：驾驶员操作（61%）、环境复杂（24%）、系统策略（15%）。,主因为驾驶员制动操作迟缓（制动上升时间404ms，有效制动不足）；次因为系统提示强度不足及施工区域未完全封闭造成的环境干扰。,驾驶员反应时间502ms，在可接受范围。 | 制动上升时间404ms（踏板20%→80%），偏慢。 | 峰值减速度-1.8m/s²，远弱于后期遥测-10.98m/s²。 | AEB/系统介入时间-152ms（事故前介入）。 | 制动时TTC 2.54s，时距充足但制动不足。 | 遥测显示事故前1.6秒车速15km/h，制动100%，仍发生碰撞。,,,,,
BR120,S38,EXP-20260518-038,ENVIRONMENT_DISTURB,团雾突发能见度骤降,南京雨花台区隧道入口小雨团雾环境下，能见度骤降，行人突然横穿。L2辅助系统驾驶员反应798ms尚可，但制动踏板上升时间344ms偏慢，初始制动强度不足，AEB在碰撞前482ms介入时TTC仅2.15s，峰值减速度-10.41m/s²仍无法避免低速碰撞。主要风险源于环境突变、制动响应延迟及人机交互欠佳。,主因：团雾致能见度骤降，行人横穿形成突发障碍。次因：驾驶员制动上升时间过长（344ms）且初始制动力弱，AEB介入较晚（-482ms），制动有效标志为假，制动效能未能及时匹配碰撞风险。,驾驶员反应时间798ms，属可接受区间。 | 制动上升时间344ms，偏慢（正常约150-200ms）。 | AEB介入时TTC 2.15s，但制动有效标志为假。 | 最大转向幅度7.4°，未明显避让。 | 事故前3s均速33.7km/h，已大幅减速但未停止。 | 环境小雨+团雾+隧道入口，能见度低。,,,,,
BR121,S36,EXP-20260518-036,DRIVER_TAKEOVER_FAIL,拥堵跟车系统退出未制动,事故DRIVER_TAKEOVER_FAIL发生于上海·浦东新区，严重程度LOW。,主要责任驾驶员39%，系统50%，环境11%。,,,,,,
BR122,S33,EXP-20260518-033,DRIVER_TAKEOVER_FAIL,双手脱离方向盘,在城市主干道侧风偏大条件下，车辆处于L2级别辅助驾驶状态，相邻车道变道挤压导致需要驾驶员接管，但驾驶员双手脱离方向盘，未能成功接管，发生DRIVER_TAKEOVER_FAIL事件，等级MEDIUM。,驾驶员在需要接管时双手脱离方向盘，未能及时响应接管请求。,,,,,,
BR123,S17,EXP-20260518-017,DRIVER_SLOW_REACTION,跟车距离过近,跟车距离过近,跟车距离过近,,,,,,
BR124,S08,EXP-20260518-008,AUTOPILOT_FAULT,NOA 异常退出未提示,NOA异常退出未提示，发生于园区内部路（侧风偏大），右侧车辆强行切入，自动驾驶状态AUTONOMOUS，严重程度HIGH。,NOA系统在侧风偏大且右侧车辆强行切入时异常退出，未提供提示信息。,,,,,,
BR125,S40,EXP-20260518-040,ENVIRONMENT_DISTURB,强光逆光相机失效,强光逆光相机失效,强光逆光导致相机感知失效，无法正确识别前车制动灯,,,,,,
BR126,S04,EXP-20260518-004,COLLISION,倒车碰撞非机动车,在收费站广场（晴天）发生一起倒车碰撞非机动车的事故，车辆处于L2级辅助驾驶状态，路面有抛洒物，事故等级为LOW。,倒车时未充分观察后方情况，加之路面抛洒物干扰，导致与非机动车发生碰撞。,,,,,,
BR127,S26,EXP-20260518-026,TTC_LOW_RISK,拥堵跟车时距 <1.2s,拥堵跟车时距 <1.2s，TTC_LOW_RISK，HIGH等级；发生于城市主干道（多云），涉及前车急刹制动灯亮起，自动驾驶状态MANUAL,跟车时距过小，导致前车急刹时无法安全避让,,,,,,
BR128,S24,EXP-20260518-024,AEB_DELAY_OR_MISS,施工区域未减速,事故发生于成都高新区园区内部路，自动驾驶状态下行人横穿，AEB触发偏晚（延迟950ms），系统与驾驶员共同责任（系统48%，驾驶员43%），制动峰值减速度-1.8m/s²，但反应时间偏长（879ms）且制动上升时间456ms，最高制动100%但未能避免碰撞。,主因：AEB介入偏晚（延迟950ms）且驾驶员反应时间偏长（879ms），导致制动时TTC仅2.16s，峰值减速度不足以避免碰撞。次因：施工临时标线可能影响感知，行人突然横穿场景风险权重上调不够及时。,AEB介入时刻为-950ms，相对碰撞前较晚。 | 驾驶员反应时间879ms，超过800ms阈值。 | 制动峰值减速度-1.8m/s²，属于极强制动。 | TTC at brake为2.16s，时距尚可但不足。 | 责任分析显示系统48%责任，驾驶员43%。 | 环境包含施工临时标线，可能影响感知。,,,,,
BR129,S19,EXP-20260518-019,DRIVER_SLOW_REACTION,匝道汇流未预留时距,匝道汇流未预留时距导致自动驾驶辅助状态下追尾静止排队车龙末端，发生于晴天城市主干道。,驾驶员反应迟缓，未及时预判车龙末端并预留安全时距。,,,,,,
BR130,S33,EXP-20260518-033,DRIVER_TAKEOVER_FAIL,双手脱离方向盘,事故DRIVER_TAKEOVER_FAIL发生于南京·雨花台区，严重程度MEDIUM。,主要责任驾驶员42%，系统49%，环境9%。,事故DRIVER_TAKEOVER_FAIL发生于南京·雨花台区，严重程度MEDIUM。,,,,,
BR131,S45,EXP-20260518-045,MULTI_FACTOR,施工改道+感知降级+驾驶员分心,事故MULTI_FACTOR发生于广州·黄埔区，严重程度MEDIUM。,主要责任驾驶员54%，系统18%，环境28%。,,,,,,
BR132,S12,EXP-20260518-012,AUTOPILOT_FAULT,传感器融合短时失效,苏州工业园区施工借道段，多云天气下，智驾系统传感器融合短时失效（目标跟踪ID切换导致纵向目标丢失120ms），引发规划请求最小风险轨迹重算，横向振荡抑制不足，制动协调延迟，最终与突然横穿行人发生碰撞。系统降级为主因（70%），驾驶员接管响应为辅（20%），环境因素（10%）为次。,主因：传感器融合短时失效（目标跟踪ID切换导致纵向目标丢失120ms），导致规划重算和控制延迟；次因：驾驶员反应时间525ms虽在可接受区间，但非最优，错失更早干预机会。,传感器融合目标跟踪ID切换导致纵向目标丢失120ms | 制动峰值减速度-1.8m/s²，极强制动 | 驾驶员反应时间525ms，制动上升时间417ms | 制动时TTC 2.96秒，时距尚可 | 系统降级提示与制动力建立不同步 | 事故前3秒平均车速31.7km/h,,,,,
BR133,S26,EXP-20260518-026,TTC_LOW_RISK,拥堵跟车时距 <1.2s,本次事故为城市主干道拥堵跟车场景下因驾驶员制动迟缓且AEB介入较晚导致的高风险追尾事件。主要风险包括跟车时距不足（TTC=1.27s）、制动踏板上升缓慢（343ms）以及系统AEB延迟（相对制动-152ms），最终依靠峰值-10.66m/s²的强制动在碰撞前将车速降至14.8km/h，属于未实际碰撞但严重度极高的危险事件。,主因：驾驶员制动上升时间过长（343ms），导致制动效能建立滞后，在1.27s TTC下无法快速减速度。次因：系统AEB介入时机晚于驾驶员制动152ms，未及时弥补制动不足；同时跟车时距持续低于安全阈值，相对速度未充分消化。,反应时间778ms，处于可接受区间。 | 制动上升时间343ms，明显缓慢。 | 峰值减速度-10.66m/s²，属于极强制动。 | AEB介入相对制动延迟152ms。 | 制动时TTC估算1.27s，跟车时距不足。 | 前车急刹制动灯亮起，环境风险明确。,,,,,
BR134,S40,EXP-20260518-040,ENVIRONMENT_DISTURB,强光逆光相机失效,高架匝道雾天强光逆光环境下，L2级辅助驾驶系统视觉相机失效，前车急刹制动灯亮起时，驾驶员反应时间842ms偏长，制动减速度达-1.8m/s²，AEB延迟-814ms介入，最终发生追尾。环境扰动（雾、逆光）是主要诱因，人因（反应延迟）与系统（AEB延迟）共同作用导致碰撞。,主因：环境扰动（雾天逆光导致视觉传感器性能下降）叠加前车急刹，引发感知延迟。次因：驾驶员反应时间842ms超过安全阈值（>800ms），系统AEB延迟-814ms未及时补偿。,驾驶员反应时间842ms（>800ms），偏长。 | AEB延迟-814ms（即在驾驶员制动后814ms才介入）。 | 事故前3s均速19.6km/h，制动时TTC 2.09s。 | 环境条件：雾、逆光、道路反光，高架匝道。 | 峰值减速度-11.37m/s²，极强制动。 | 端侧风险模型预测ENVIRONMENT_DISTURB。,,,,,
BR135,S36,EXP-20260518-036,DRIVER_TAKEOVER_FAIL,拥堵跟车系统退出未制动,拥堵跟车系统退出未制动,系统退出时未及时制动，驾驶员未能成功接管,,,,,,
BR136,S28,EXP-20260518-028,TTC_LOW_RISK,下坡车速过快导致 TTC 不足,事故TTC_LOW_RISK发生于苏州·工业园区，严重程度HIGH。,主要责任驾驶员63%，系统26%，环境11%。,,,,,,
BR137,S03,EXP-20260518-003,COLLISION,静止障碍碰撞,静止障碍碰撞,慢车占道导致碰撞,,,,,,
BR138,S03,EXP-20260518-003,COLLISION,静止障碍碰撞,事故COLLISION发生于西安·高新区，严重程度LOW。,主要责任驾驶员69%，系统17%，环境14%。,,,,,,
BR139,S22,EXP-20260518-022,AEB_DELAY_OR_MISS,FCW 报警后 AEB 未跟进,FCW报警后AEB未跟进，发生于长下坡接弯（冰雪），涉及施工锥桶偏移，自动驾驶状态AUTONOMOUS,AEB系统在冰雪路面长下坡弯道场景中未能及时触发，可能因传感器对偏移的施工锥桶识别延迟或算法对复杂路况适应性不足,,,,,,
BR140,S05,EXP-20260518-005,COLLISION,环岛内连环碰撞,事故COLLISION发生于南京·雨花台区，严重程度MEDIUM。,主要责任驾驶员68%，系统22%，环境10%。,,,,,,
BR141,S14,EXP-20260518-014,DRIVER_SLOW_REACTION,前车急刹反应滞后,前车急刹反应滞后,驾驶员对前方车辆急刹反应缓慢,,,,,,
BR142,S05,EXP-20260518-005,COLLISION,环岛内连环碰撞,这是一起发生在南京雨花台区施工借道段的环岛内连环碰撞事故，等级为中等。事故涉及匝道汇流冲突，驾驶员反应时间过长（1334ms）且制动上升缓慢（282ms），系统AEB介入较晚（-634ms），夜间车道线不清等环境因素也增加了风险。责任主要归于驾驶员（68%），系统（22%）和环境（10%）为次要因素。,主因为驾驶员反应时间过长（1334ms）且制动操作迟缓（制动上升时间282ms），未及时采取有效制动；次因为系统AEB介入时机偏晚（碰撞前634ms），以及施工借道段夜间车道线磨损，降低了驾驶员的感知和决策效率。,驾驶员反应时间1334ms，超过1200ms阈值。 | 制动上升时间282ms，制动建立缓慢。 | AEB在碰撞前634ms介入，介入时机较晚。 | 制动时TTC为2.21s，理论时距尚可但实际制动不足。 | 碰撞前3s均速38.6km/h，后续减速梯度增大。 | 环境为晴、施工借道路段、夜间车道线磨损。,,,,,
BR143,S42,EXP-20260518-042,ENVIRONMENT_DISTURB,积水水滑,在城市主干道（多云）自动驾驶状态下，因前方车辆急刹导致制动灯亮起，本车在积水路面发生水滑，造成环境干扰事故，严重程度高。,积水路面导致轮胎与地面附着力降低，叠加前车急刹触发制动，车辆失控水滑。,,,,,,
BR144,S30,EXP-20260518-030,TTC_LOW_RISK,绿灯起步抢行导致 TTC 不足,事故发生在成都高新区收费站广场，小雨天气，夜间车道线磨损。自动驾驶状态下，车辆绿灯起步后跟车时距持续不足，遇行人靠近路缘时触发TTC低风险告警。驾驶员反应时间736ms，制动果断，AEB提前247ms介入，但制动时TTC仅1.08s，风险极高。责任分配：驾驶员68%、系统18%、环境14%。,主因：驾驶员起步后跟车时距过短，未充分消化相对速度，导致制动时TTC仅1.08s。次因：收费站广场场景下行人靠近路缘，系统风险权重上调但未及时降速；夜间磨损的车道线可能削弱感知精度。,制动时TTC仅1.08s，远低于安全阈值。 | 反应时间736ms，制动上升时间388ms，制动果断。 | AEB提前247ms介入。 | 事故前3s均速71.6km/h，与收费站限速对比偏高。 | 环境因素：小雨、夜间车道线磨损、行人靠近路缘。,,,,,
BR145,S26,EXP-20260518-026,TTC_LOW_RISK,拥堵跟车时距 <1.2s,事故TTC_LOW_RISK发生于杭州·滨江区，严重程度HIGH。,主要责任驾驶员73%，系统15%，环境12%。,,,,,,
BR146,S12,EXP-20260518-012,AUTOPILOT_FAULT,传感器融合短时失效,事故AUTOPILOT_FAULT发生于苏州·工业园区，严重程度HIGH。,主要责任驾驶员20%，系统70%，环境10%。,证据点1：系统日志显示故障代码 | 证据点2：驾驶员监控摄像头显示分神 | 证据点3：道路环境监控录像,,,,,
BR147,S34,EXP-20260518-034,DRIVER_TAKEOVER_FAIL,接管后方向修正过量,在长下坡接弯且有雾的路段，路面存在抛洒物，自动驾驶处于L2_ASSIST状态。驾驶员接管后方向修正过量，导致事故。,驾驶员接管后方向修正过量,,,,,,
BR148,S39,EXP-20260518-039,ENVIRONMENT_DISTURB,路面结冰侧滑,事故ENVIRONMENT_DISTURB发生于武汉·东湖高新区，严重程度LOW。,主要责任驾驶员53%，系统21%，环境26%。,,,,,,
BR149,S06,EXP-20260518-006,COLLISION,匝道末端减速不及,匝道末端减速不及,车辆未能及时减速以应对匝道末端和前方慢车,,,,,,
BR150,S20,EXP-20260518-020,AEB_DELAY_OR_MISS,AEB 触发过晚,AEB 触发过晚,长下坡弯道路况导致AEB触发延迟,,,,,,
